id,lead_id,user_id,campaign_id,status,ordem_fila,data_primeiro_atendimento,data_ultimo_atendimento,created_at,updated_at
12094,7,30,3,novo,75,,,2025-12-14 11:48:57.954723,2025-12-14 11:48:57.954723
12096,9,30,3,novo,77,,,2025-12-14 11:48:58.076011,2025-12-14 11:48:58.076011
12098,11,30,3,novo,79,,,2025-12-14 11:48:58.199244,2025-12-14 11:48:58.199244
12100,13,30,3,novo,81,,,2025-12-14 11:48:58.322117,2025-12-14 11:48:58.322117
12102,15,30,3,novo,83,,,2025-12-14 11:48:58.442216,2025-12-14 11:48:58.442216
12104,17,30,3,novo,85,,,2025-12-14 11:48:58.562915,2025-12-14 11:48:58.562915
12106,19,30,3,novo,87,,,2025-12-14 11:48:58.684911,2025-12-14 11:48:58.684911
12108,21,30,3,novo,89,,,2025-12-14 11:48:58.805995,2025-12-14 11:48:58.805995
12110,23,30,3,novo,91,,,2025-12-14 11:48:58.926611,2025-12-14 11:48:58.926611
12112,25,30,3,novo,93,,,2025-12-14 11:48:59.047082,2025-12-14 11:48:59.047082
12114,27,30,3,novo,95,,,2025-12-14 11:48:59.167864,2025-12-14 11:48:59.167864
12116,29,30,3,novo,97,,,2025-12-14 11:48:59.288419,2025-12-14 11:48:59.288419
12118,31,30,3,novo,99,,,2025-12-14 11:48:59.40956,2025-12-14 11:48:59.40956
12120,33,30,3,novo,101,,,2025-12-14 11:48:59.530323,2025-12-14 11:48:59.530323
12122,35,30,3,novo,103,,,2025-12-14 11:48:59.650416,2025-12-14 11:48:59.650416
12124,37,30,3,novo,105,,,2025-12-14 11:48:59.774216,2025-12-14 11:48:59.774216
12126,39,30,3,novo,107,,,2025-12-14 11:48:59.895322,2025-12-14 11:48:59.895322
12128,41,30,3,novo,109,,,2025-12-14 11:49:00.015433,2025-12-14 11:49:00.015433
12130,43,30,3,novo,111,,,2025-12-14 11:49:00.136924,2025-12-14 11:49:00.136924
12132,45,30,3,novo,113,,,2025-12-14 11:49:00.257538,2025-12-14 11:49:00.257538
12134,47,30,3,novo,115,,,2025-12-14 11:49:00.378701,2025-12-14 11:49:00.378701
12136,49,30,3,novo,117,,,2025-12-14 11:49:00.502497,2025-12-14 11:49:00.502497
12138,119,30,3,novo,119,,,2025-12-14 11:49:00.622904,2025-12-14 11:49:00.622904
12140,121,30,3,novo,121,,,2025-12-14 11:49:00.744539,2025-12-14 11:49:00.744539
12142,123,30,3,novo,123,,,2025-12-14 11:49:00.867154,2025-12-14 11:49:00.867154
12144,125,30,3,novo,125,,,2025-12-14 11:49:00.990828,2025-12-14 11:49:00.990828
12146,127,30,3,novo,127,,,2025-12-14 11:49:01.111281,2025-12-14 11:49:01.111281
12148,129,30,3,novo,129,,,2025-12-14 11:49:01.232034,2025-12-14 11:49:01.232034
12150,131,30,3,novo,131,,,2025-12-14 11:49:01.354465,2025-12-14 11:49:01.354465
12152,133,30,3,novo,133,,,2025-12-14 11:49:01.475748,2025-12-14 11:49:01.475748
12154,135,30,3,novo,135,,,2025-12-14 11:49:01.596597,2025-12-14 11:49:01.596597
12156,137,30,3,novo,137,,,2025-12-14 11:49:01.717388,2025-12-14 11:49:01.717388
12158,139,30,3,novo,139,,,2025-12-14 11:49:01.837927,2025-12-14 11:49:01.837927
12160,141,30,3,novo,141,,,2025-12-14 11:49:01.959687,2025-12-14 11:49:01.959687
12162,143,30,3,novo,143,,,2025-12-14 11:49:02.081067,2025-12-14 11:49:02.081067
12164,145,30,3,novo,145,,,2025-12-14 11:49:02.201662,2025-12-14 11:49:02.201662
12166,147,30,3,novo,147,,,2025-12-14 11:49:02.322789,2025-12-14 11:49:02.322789
12168,149,30,3,novo,149,,,2025-12-14 11:49:02.443968,2025-12-14 11:49:02.443968
12170,151,30,3,novo,151,,,2025-12-14 11:49:02.570228,2025-12-14 11:49:02.570228
12172,153,30,3,novo,153,,,2025-12-14 11:49:02.690862,2025-12-14 11:49:02.690862
12174,155,30,3,novo,155,,,2025-12-14 11:49:02.811966,2025-12-14 11:49:02.811966
12176,157,30,3,novo,157,,,2025-12-14 11:49:02.933938,2025-12-14 11:49:02.933938
12178,159,30,3,novo,159,,,2025-12-14 11:49:03.0568,2025-12-14 11:49:03.0568
12180,161,30,3,novo,161,,,2025-12-14 11:49:03.177694,2025-12-14 11:49:03.177694
12182,163,30,3,novo,163,,,2025-12-14 11:49:03.298982,2025-12-14 11:49:03.298982
12184,165,30,3,novo,165,,,2025-12-14 11:49:03.420784,2025-12-14 11:49:03.420784
12186,167,30,3,novo,167,,,2025-12-14 11:49:03.54117,2025-12-14 11:49:03.54117
12188,169,30,3,novo,169,,,2025-12-14 11:49:03.663515,2025-12-14 11:49:03.663515
12190,171,30,3,novo,171,,,2025-12-14 11:49:03.785649,2025-12-14 11:49:03.785649
12090,3,30,3,em_atendimento,71,2025-12-15 23:42:27.467,2025-12-15 23:42:27.467,2025-12-14 11:48:57.71162,2025-12-15 23:42:27.467
52,52,30,3,em_atendimento,2,2025-12-12 00:52:45.373,2025-12-12 00:52:45.373,2025-12-12 00:50:07.384098,2025-12-12 00:52:45.373
54,54,30,3,em_atendimento,4,2025-12-12 00:59:16.543,2025-12-12 00:59:16.543,2025-12-12 00:50:07.5133,2025-12-12 00:59:16.543
55,55,30,3,em_atendimento,5,2025-12-12 10:30:56.775,2025-12-12 10:30:56.775,2025-12-12 00:50:07.575245,2025-12-12 10:30:56.775
58,58,30,3,em_atendimento,8,2025-12-12 10:34:11.066,2025-12-12 10:34:11.066,2025-12-12 00:50:07.760222,2025-12-12 10:34:11.066
56,56,30,3,em_atendimento,6,2025-12-12 10:32:47.114,2025-12-12 10:32:56.096,2025-12-12 00:50:07.636496,2025-12-12 10:32:56.096
59,59,30,3,em_atendimento,9,2025-12-12 18:27:53.294,2025-12-12 18:27:53.294,2025-12-12 00:50:07.822303,2025-12-12 18:27:53.295
60,60,30,3,em_atendimento,10,2025-12-12 18:32:00.071,2025-12-12 18:32:00.071,2025-12-12 00:50:07.883309,2025-12-12 18:32:00.071
61,61,30,3,em_atendimento,11,2025-12-12 18:34:59.268,2025-12-12 18:34:59.268,2025-12-12 00:50:07.94529,2025-12-12 18:34:59.268
62,62,30,3,em_atendimento,12,2025-12-12 18:53:44.702,2025-12-12 18:53:44.702,2025-12-12 00:50:08.006004,2025-12-12 18:53:44.702
64,64,30,3,em_atendimento,14,2025-12-12 22:35:20.209,2025-12-12 22:35:20.209,2025-12-12 00:50:08.132488,2025-12-12 22:35:20.209
65,65,30,3,em_atendimento,15,2025-12-12 22:35:57.519,2025-12-12 22:35:57.519,2025-12-12 00:50:08.194741,2025-12-12 22:35:57.519
66,66,30,3,em_atendimento,16,2025-12-12 22:38:22.905,2025-12-12 22:38:22.905,2025-12-12 00:50:08.255071,2025-12-12 22:38:22.905
67,67,30,3,em_atendimento,17,2025-12-12 22:40:26.166,2025-12-12 22:40:26.166,2025-12-12 00:50:08.315898,2025-12-12 22:40:26.166
69,69,30,3,em_atendimento,19,2025-12-12 23:07:55.068,2025-12-12 23:07:55.068,2025-12-12 00:50:08.443179,2025-12-12 23:07:55.068
70,70,30,3,em_atendimento,20,2025-12-12 23:08:49.508,2025-12-12 23:08:49.508,2025-12-12 00:50:08.503863,2025-12-12 23:08:49.508
71,71,30,3,em_atendimento,21,2025-12-13 00:18:16.687,2025-12-13 00:18:16.687,2025-12-12 00:50:08.565585,2025-12-13 00:18:16.687
72,72,30,3,em_atendimento,22,2025-12-13 04:09:10.828,2025-12-13 04:09:10.828,2025-12-12 00:50:08.626699,2025-12-13 04:09:10.828
74,74,30,3,em_atendimento,24,2025-12-13 04:28:03.971,2025-12-13 04:28:03.971,2025-12-12 00:50:08.748605,2025-12-13 04:28:03.971
75,75,30,3,em_atendimento,25,2025-12-13 04:28:06.537,2025-12-13 04:28:06.537,2025-12-12 00:50:08.811021,2025-12-13 04:28:06.537
76,76,30,3,em_atendimento,26,2025-12-13 04:28:09.637,2025-12-13 04:28:09.637,2025-12-12 00:50:08.871096,2025-12-13 04:28:09.637
77,77,30,3,em_atendimento,27,2025-12-13 12:00:34.056,2025-12-13 12:00:34.056,2025-12-12 00:50:08.932505,2025-12-13 12:00:34.056
79,79,30,3,em_atendimento,29,2025-12-13 12:20:12.27,2025-12-13 12:20:12.27,2025-12-12 00:50:09.053854,2025-12-13 12:20:12.27
81,81,30,3,em_atendimento,31,2025-12-13 12:20:27.131,2025-12-13 12:20:27.131,2025-12-12 00:50:09.174765,2025-12-13 12:20:27.131
80,80,30,3,em_atendimento,30,2025-12-13 12:20:14.486,2025-12-13 12:20:26.66,2025-12-12 00:50:09.113901,2025-12-13 12:20:26.66
82,82,30,3,em_atendimento,32,2025-12-13 12:21:29.437,2025-12-13 12:21:29.437,2025-12-12 00:50:09.235812,2025-12-13 12:21:29.437
84,84,30,3,em_atendimento,34,2025-12-13 12:37:59.582,2025-12-13 12:37:59.582,2025-12-12 00:50:09.35753,2025-12-13 12:37:59.582
85,85,30,3,em_atendimento,35,2025-12-13 12:59:33.228,2025-12-13 12:59:33.228,2025-12-12 00:50:09.421597,2025-12-13 12:59:33.228
86,86,30,3,em_atendimento,36,2025-12-13 13:00:19.715,2025-12-13 13:00:19.715,2025-12-12 00:50:09.483035,2025-12-13 13:00:19.715
87,87,30,3,em_atendimento,37,2025-12-13 13:01:10.432,2025-12-13 13:01:10.432,2025-12-12 00:50:09.544406,2025-12-13 13:01:10.432
89,89,30,3,em_atendimento,39,2025-12-13 15:37:36.948,2025-12-13 15:37:36.948,2025-12-12 00:50:09.667226,2025-12-13 15:37:36.948
90,90,30,3,em_atendimento,40,2025-12-13 16:07:58.559,2025-12-13 16:07:58.559,2025-12-12 00:50:09.727459,2025-12-13 16:07:58.559
91,91,30,3,em_atendimento,41,2025-12-13 16:08:44.531,2025-12-13 16:08:44.531,2025-12-12 00:50:09.788551,2025-12-13 16:08:44.531
92,92,30,3,em_atendimento,42,2025-12-13 16:12:13.912,2025-12-13 16:12:13.912,2025-12-12 00:50:09.8494,2025-12-13 16:12:13.913
94,94,30,3,em_atendimento,44,2025-12-13 16:15:34.641,2025-12-13 16:15:34.641,2025-12-12 00:50:09.970611,2025-12-13 16:15:34.641
95,95,30,3,em_atendimento,45,2025-12-13 16:21:55.616,2025-12-13 16:21:55.616,2025-12-12 00:50:10.031493,2025-12-13 16:21:55.616
96,96,30,3,em_atendimento,46,2025-12-13 16:30:33.69,2025-12-13 16:30:33.69,2025-12-12 00:50:10.093726,2025-12-13 16:30:33.691
98,98,30,3,em_atendimento,48,2025-12-13 16:31:52.91,2025-12-13 16:31:52.91,2025-12-12 00:50:10.215486,2025-12-13 16:31:52.91
12093,6,30,3,novo,74,,,2025-12-14 11:48:57.895131,2025-12-14 11:48:57.895131
12095,8,30,3,novo,76,,,2025-12-14 11:48:58.016293,2025-12-14 11:48:58.016293
12097,10,30,3,novo,78,,,2025-12-14 11:48:58.139185,2025-12-14 11:48:58.139185
12099,12,30,3,novo,80,,,2025-12-14 11:48:58.262134,2025-12-14 11:48:58.262134
12101,14,30,3,novo,82,,,2025-12-14 11:48:58.382702,2025-12-14 11:48:58.382702
12103,16,30,3,novo,84,,,2025-12-14 11:48:58.503017,2025-12-14 11:48:58.503017
12105,18,30,3,novo,86,,,2025-12-14 11:48:58.624838,2025-12-14 11:48:58.624838
12107,20,30,3,novo,88,,,2025-12-14 11:48:58.745883,2025-12-14 11:48:58.745883
12109,22,30,3,novo,90,,,2025-12-14 11:48:58.86695,2025-12-14 11:48:58.86695
12111,24,30,3,novo,92,,,2025-12-14 11:48:58.986969,2025-12-14 11:48:58.986969
12113,26,30,3,novo,94,,,2025-12-14 11:48:59.107922,2025-12-14 11:48:59.107922
12115,28,30,3,novo,96,,,2025-12-14 11:48:59.228382,2025-12-14 11:48:59.228382
12117,30,30,3,novo,98,,,2025-12-14 11:48:59.349327,2025-12-14 11:48:59.349327
12119,32,30,3,novo,100,,,2025-12-14 11:48:59.470063,2025-12-14 11:48:59.470063
12121,34,30,3,novo,102,,,2025-12-14 11:48:59.590967,2025-12-14 11:48:59.590967
12123,36,30,3,novo,104,,,2025-12-14 11:48:59.714028,2025-12-14 11:48:59.714028
12125,38,30,3,novo,106,,,2025-12-14 11:48:59.835355,2025-12-14 11:48:59.835355
12127,40,30,3,novo,108,,,2025-12-14 11:48:59.955728,2025-12-14 11:48:59.955728
12129,42,30,3,novo,110,,,2025-12-14 11:49:00.076062,2025-12-14 11:49:00.076062
12131,44,30,3,novo,112,,,2025-12-14 11:49:00.197693,2025-12-14 11:49:00.197693
12133,46,30,3,novo,114,,,2025-12-14 11:49:00.318025,2025-12-14 11:49:00.318025
12135,48,30,3,novo,116,,,2025-12-14 11:49:00.441576,2025-12-14 11:49:00.441576
12137,50,30,3,novo,118,,,2025-12-14 11:49:00.562931,2025-12-14 11:49:00.562931
12139,120,30,3,novo,120,,,2025-12-14 11:49:00.684901,2025-12-14 11:49:00.684901
12141,122,30,3,novo,122,,,2025-12-14 11:49:00.805475,2025-12-14 11:49:00.805475
12143,124,30,3,novo,124,,,2025-12-14 11:49:00.930743,2025-12-14 11:49:00.930743
12145,126,30,3,novo,126,,,2025-12-14 11:49:01.051722,2025-12-14 11:49:01.051722
12147,128,30,3,novo,128,,,2025-12-14 11:49:01.172207,2025-12-14 11:49:01.172207
12149,130,30,3,novo,130,,,2025-12-14 11:49:01.293119,2025-12-14 11:49:01.293119
12151,132,30,3,novo,132,,,2025-12-14 11:49:01.415357,2025-12-14 11:49:01.415357
12153,134,30,3,novo,134,,,2025-12-14 11:49:01.536877,2025-12-14 11:49:01.536877
12155,136,30,3,novo,136,,,2025-12-14 11:49:01.657446,2025-12-14 11:49:01.657446
12157,138,30,3,novo,138,,,2025-12-14 11:49:01.777974,2025-12-14 11:49:01.777974
12159,140,30,3,novo,140,,,2025-12-14 11:49:01.89925,2025-12-14 11:49:01.89925
12161,142,30,3,novo,142,,,2025-12-14 11:49:02.020904,2025-12-14 11:49:02.020904
12163,144,30,3,novo,144,,,2025-12-14 11:49:02.142134,2025-12-14 11:49:02.142134
12165,146,30,3,novo,146,,,2025-12-14 11:49:02.262684,2025-12-14 11:49:02.262684
12167,148,30,3,novo,148,,,2025-12-14 11:49:02.384087,2025-12-14 11:49:02.384087
12169,150,30,3,novo,150,,,2025-12-14 11:49:02.509647,2025-12-14 11:49:02.509647
12171,152,30,3,novo,152,,,2025-12-14 11:49:02.631098,2025-12-14 11:49:02.631098
12173,154,30,3,novo,154,,,2025-12-14 11:49:02.752218,2025-12-14 11:49:02.752218
12175,156,30,3,novo,156,,,2025-12-14 11:49:02.872848,2025-12-14 11:49:02.872848
12177,158,30,3,novo,158,,,2025-12-14 11:49:02.995911,2025-12-14 11:49:02.995911
12179,160,30,3,novo,160,,,2025-12-14 11:49:03.117657,2025-12-14 11:49:03.117657
12181,162,30,3,novo,162,,,2025-12-14 11:49:03.238739,2025-12-14 11:49:03.238739
12183,164,30,3,novo,164,,,2025-12-14 11:49:03.360383,2025-12-14 11:49:03.360383
12185,166,30,3,novo,166,,,2025-12-14 11:49:03.481591,2025-12-14 11:49:03.481591
12187,168,30,3,novo,168,,,2025-12-14 11:49:03.602745,2025-12-14 11:49:03.602745
12189,170,30,3,novo,170,,,2025-12-14 11:49:03.7257,2025-12-14 11:49:03.7257
12191,172,30,3,novo,172,,,2025-12-14 11:49:03.846541,2025-12-14 11:49:03.846541
12193,174,30,3,novo,174,,,2025-12-14 11:49:03.969351,2025-12-14 11:49:03.969351
12195,176,30,3,novo,176,,,2025-12-14 11:49:04.092468,2025-12-14 11:49:04.092468
12197,178,30,3,novo,178,,,2025-12-14 11:49:04.213847,2025-12-14 11:49:04.213847
12199,180,30,3,novo,180,,,2025-12-14 11:49:04.338072,2025-12-14 11:49:04.338072
12201,182,30,3,novo,182,,,2025-12-14 11:49:04.460452,2025-12-14 11:49:04.460452
12203,184,30,3,novo,184,,,2025-12-14 11:49:04.58487,2025-12-14 11:49:04.58487
12205,186,30,3,novo,186,,,2025-12-14 11:49:04.709931,2025-12-14 11:49:04.709931
12207,188,30,3,novo,188,,,2025-12-14 11:49:04.836648,2025-12-14 11:49:04.836648
12209,190,30,3,novo,190,,,2025-12-14 11:49:04.957792,2025-12-14 11:49:04.957792
12211,192,30,3,novo,192,,,2025-12-14 11:49:05.081038,2025-12-14 11:49:05.081038
12213,194,30,3,novo,194,,,2025-12-14 11:49:05.202613,2025-12-14 11:49:05.202613
12215,196,30,3,novo,196,,,2025-12-14 11:49:05.324534,2025-12-14 11:49:05.324534
12217,198,30,3,novo,198,,,2025-12-14 11:49:05.446173,2025-12-14 11:49:05.446173
12219,200,30,3,novo,200,,,2025-12-14 11:49:05.566752,2025-12-14 11:49:05.566752
12221,202,30,3,novo,202,,,2025-12-14 11:49:05.688453,2025-12-14 11:49:05.688453
12223,204,30,3,novo,204,,,2025-12-14 11:49:05.810504,2025-12-14 11:49:05.810504
12225,206,30,3,novo,206,,,2025-12-14 11:49:05.935402,2025-12-14 11:49:05.935402
12227,208,30,3,novo,208,,,2025-12-14 11:49:06.058326,2025-12-14 11:49:06.058326
12229,210,30,3,novo,210,,,2025-12-14 11:49:06.180695,2025-12-14 11:49:06.180695
12231,212,30,3,novo,212,,,2025-12-14 11:49:06.305012,2025-12-14 11:49:06.305012
12233,214,30,3,novo,214,,,2025-12-14 11:49:06.430648,2025-12-14 11:49:06.430648
12235,216,30,3,novo,216,,,2025-12-14 11:49:06.551687,2025-12-14 11:49:06.551687
12237,218,30,3,novo,218,,,2025-12-14 11:49:06.674883,2025-12-14 11:49:06.674883
12089,2,30,3,em_atendimento,70,2025-12-15 12:33:01.471,2025-12-15 12:33:01.471,2025-12-14 11:48:57.650929,2025-12-15 12:33:01.471
12091,4,30,3,em_atendimento,72,2025-12-15 23:42:43.124,2025-12-15 23:43:09.089,2025-12-14 11:48:57.773676,2025-12-15 23:43:09.089
51,51,30,3,proposta_enviada,1,2025-12-12 00:50:39.298,2025-12-12 00:52:44.863,2025-12-12 00:50:07.318392,2025-12-12 00:52:44.863
53,53,30,3,em_atendimento,3,2025-12-12 00:53:09.294,2025-12-12 00:53:09.294,2025-12-12 00:50:07.44943,2025-12-12 00:53:09.294
57,57,30,3,em_atendimento,7,2025-12-12 10:33:03.334,2025-12-12 10:33:03.334,2025-12-12 00:50:07.698562,2025-12-12 10:33:03.334
63,63,30,3,em_atendimento,13,2025-12-12 22:29:39.793,2025-12-12 22:29:39.793,2025-12-12 00:50:08.068299,2025-12-12 22:29:39.793
68,68,30,3,em_atendimento,18,2025-12-12 23:06:58.54,2025-12-12 23:06:58.54,2025-12-12 00:50:08.379232,2025-12-12 23:06:58.54
73,73,30,3,em_atendimento,23,2025-12-13 04:27:50.972,2025-12-13 04:27:50.972,2025-12-12 00:50:08.687365,2025-12-13 04:27:50.972
78,78,30,3,em_atendimento,28,2025-12-13 12:19:31.521,2025-12-13 12:19:31.521,2025-12-12 00:50:08.992804,2025-12-13 12:19:31.521
83,83,30,3,em_atendimento,33,2025-12-13 12:37:13.595,2025-12-13 12:37:13.595,2025-12-12 00:50:09.2964,2025-12-13 12:37:13.595
88,88,30,3,em_atendimento,38,2025-12-13 15:37:25.906,2025-12-13 15:37:25.906,2025-12-12 00:50:09.605694,2025-12-13 15:37:25.906
93,93,30,3,em_atendimento,43,2025-12-13 16:14:15.558,2025-12-13 16:14:15.558,2025-12-12 00:50:09.910298,2025-12-13 16:14:15.558
97,97,30,3,proposta_enviada,47,2025-12-13 16:31:33.327,2025-12-13 16:31:52.381,2025-12-12 00:50:10.155333,2025-12-13 16:31:52.381
99,99,30,3,em_atendimento,49,2025-12-13 16:46:03.928,2025-12-13 16:46:03.928,2025-12-12 00:50:10.278712,2025-12-13 16:46:03.929
12192,173,30,3,novo,173,,,2025-12-14 11:49:03.90691,2025-12-14 11:49:03.90691
12194,175,30,3,novo,175,,,2025-12-14 11:49:04.030959,2025-12-14 11:49:04.030959
12196,177,30,3,novo,177,,,2025-12-14 11:49:04.152884,2025-12-14 11:49:04.152884
12198,179,30,3,novo,179,,,2025-12-14 11:49:04.276929,2025-12-14 11:49:04.276929
12200,181,30,3,novo,181,,,2025-12-14 11:49:04.39813,2025-12-14 11:49:04.39813
12202,183,30,3,novo,183,,,2025-12-14 11:49:04.521948,2025-12-14 11:49:04.521948
12204,185,30,3,novo,185,,,2025-12-14 11:49:04.644818,2025-12-14 11:49:04.644818
12206,187,30,3,novo,187,,,2025-12-14 11:49:04.775028,2025-12-14 11:49:04.775028
12208,189,30,3,novo,189,,,2025-12-14 11:49:04.896298,2025-12-14 11:49:04.896298
12210,191,30,3,novo,191,,,2025-12-14 11:49:05.019359,2025-12-14 11:49:05.019359
12212,193,30,3,novo,193,,,2025-12-14 11:49:05.141493,2025-12-14 11:49:05.141493
12214,195,30,3,novo,195,,,2025-12-14 11:49:05.263615,2025-12-14 11:49:05.263615
12216,197,30,3,novo,197,,,2025-12-14 11:49:05.385332,2025-12-14 11:49:05.385332
12218,199,30,3,novo,199,,,2025-12-14 11:49:05.506094,2025-12-14 11:49:05.506094
12220,201,30,3,novo,201,,,2025-12-14 11:49:05.627073,2025-12-14 11:49:05.627073
12222,203,30,3,novo,203,,,2025-12-14 11:49:05.748241,2025-12-14 11:49:05.748241
12224,205,30,3,novo,205,,,2025-12-14 11:49:05.870983,2025-12-14 11:49:05.870983
12226,207,30,3,novo,207,,,2025-12-14 11:49:05.996077,2025-12-14 11:49:05.996077
12228,209,30,3,novo,209,,,2025-12-14 11:49:06.120163,2025-12-14 11:49:06.120163
12230,211,30,3,novo,211,,,2025-12-14 11:49:06.243619,2025-12-14 11:49:06.243619
12232,213,30,3,novo,213,,,2025-12-14 11:49:06.365301,2025-12-14 11:49:06.365301
12234,215,30,3,novo,215,,,2025-12-14 11:49:06.491382,2025-12-14 11:49:06.491382
12236,217,30,3,novo,217,,,2025-12-14 11:49:06.611653,2025-12-14 11:49:06.611653
107,102,30,3,em_atendimento,52,2025-12-13 17:53:48.139,2025-12-13 17:53:48.139,2025-12-13 17:15:08.900056,2025-12-13 17:53:48.139
106,101,30,3,em_atendimento,51,2025-12-13 17:53:27.156,2025-12-13 17:53:47.626,2025-12-13 17:15:08.824858,2025-12-13 17:53:47.626
109,104,30,3,em_atendimento,54,2025-12-13 17:54:15.293,2025-12-13 17:54:15.293,2025-12-13 17:15:09.023567,2025-12-13 17:54:15.293
111,106,30,3,em_atendimento,56,2025-12-13 18:38:59.155,2025-12-13 18:38:59.155,2025-12-13 17:15:09.145811,2025-12-13 18:38:59.155
112,107,30,3,em_atendimento,57,2025-12-13 18:46:47,2025-12-13 18:46:47,2025-12-13 17:15:09.206014,2025-12-13 18:46:47
113,108,30,3,em_atendimento,58,2025-12-13 20:33:28.848,2025-12-13 20:33:28.848,2025-12-13 17:15:09.268319,2025-12-13 20:33:28.848
114,109,30,3,em_atendimento,59,2025-12-13 20:33:48.592,2025-12-13 20:33:48.592,2025-12-13 17:15:09.330609,2025-12-13 20:33:48.592
116,111,30,3,em_atendimento,61,2025-12-13 23:21:52.722,2025-12-13 23:21:52.722,2025-12-13 17:15:09.45167,2025-12-13 23:21:52.722
117,112,30,3,em_atendimento,62,2025-12-14 00:07:36.678,2025-12-14 00:07:36.678,2025-12-13 17:15:09.512939,2025-12-14 00:07:36.678
119,114,30,3,em_atendimento,64,2025-12-14 00:09:26.559,2025-12-14 00:09:26.559,2025-12-13 17:15:09.633925,2025-12-14 00:09:26.559
118,113,30,3,em_atendimento,63,2025-12-14 00:08:25.785,2025-12-14 00:09:26.169,2025-12-13 17:15:09.572593,2025-12-14 00:09:26.169
121,116,30,3,em_atendimento,66,2025-12-14 03:19:47.024,2025-12-14 03:19:47.024,2025-12-13 17:15:09.755418,2025-12-14 03:19:47.024
123,118,30,3,em_atendimento,68,2025-12-14 03:29:14.092,2025-12-14 03:29:14.092,2025-12-13 17:15:09.87924,2025-12-14 03:29:14.092
122,117,30,3,vendido,67,2025-12-14 03:28:48.605,2025-12-14 03:29:13.649,2025-12-13 17:15:09.81725,2025-12-14 03:29:13.649
12088,1,30,3,em_atendimento,69,2025-12-15 12:13:59.968,2025-12-15 12:13:59.968,2025-12-14 11:48:57.579387,2025-12-15 12:13:59.968
12238,219,30,3,novo,219,,,2025-12-15 23:41:53.496736,2025-12-15 23:41:53.496736
12240,221,30,3,novo,221,,,2025-12-15 23:41:53.62665,2025-12-15 23:41:53.62665
12242,223,30,3,novo,223,,,2025-12-15 23:41:53.740307,2025-12-15 23:41:53.740307
12244,225,30,3,novo,225,,,2025-12-15 23:41:53.853811,2025-12-15 23:41:53.853811
12246,227,30,3,novo,227,,,2025-12-15 23:41:53.967642,2025-12-15 23:41:53.967642
12248,229,30,3,novo,229,,,2025-12-15 23:41:54.081544,2025-12-15 23:41:54.081544
12250,231,30,3,novo,231,,,2025-12-15 23:41:54.193497,2025-12-15 23:41:54.193497
12252,233,30,3,novo,233,,,2025-12-15 23:41:54.311828,2025-12-15 23:41:54.311828
12254,235,30,3,novo,235,,,2025-12-15 23:41:54.424828,2025-12-15 23:41:54.424828
12256,237,30,3,novo,237,,,2025-12-15 23:41:54.537199,2025-12-15 23:41:54.537199
12258,239,30,3,novo,239,,,2025-12-15 23:41:54.795336,2025-12-15 23:41:54.795336
12260,241,30,3,novo,241,,,2025-12-15 23:41:54.907076,2025-12-15 23:41:54.907076
12262,243,30,3,novo,243,,,2025-12-15 23:41:55.018755,2025-12-15 23:41:55.018755
12264,245,30,3,novo,245,,,2025-12-15 23:41:55.131716,2025-12-15 23:41:55.131716
12266,247,30,3,novo,247,,,2025-12-15 23:41:55.243295,2025-12-15 23:41:55.243295
12268,249,30,3,novo,249,,,2025-12-15 23:41:55.3552,2025-12-15 23:41:55.3552
12270,251,30,3,novo,251,,,2025-12-15 23:41:55.468466,2025-12-15 23:41:55.468466
12272,253,30,3,novo,253,,,2025-12-15 23:41:55.582595,2025-12-15 23:41:55.582595
12274,255,30,3,novo,255,,,2025-12-15 23:41:55.693761,2025-12-15 23:41:55.693761
12276,257,30,3,novo,257,,,2025-12-15 23:41:55.805468,2025-12-15 23:41:55.805468
12278,259,30,3,novo,259,,,2025-12-15 23:41:55.916803,2025-12-15 23:41:55.916803
12280,261,30,3,novo,261,,,2025-12-15 23:41:56.047167,2025-12-15 23:41:56.047167
12282,263,30,3,novo,263,,,2025-12-15 23:41:56.164818,2025-12-15 23:41:56.164818
12284,265,30,3,novo,265,,,2025-12-15 23:41:56.275783,2025-12-15 23:41:56.275783
12286,267,30,3,novo,267,,,2025-12-15 23:41:56.387251,2025-12-15 23:41:56.387251
12288,269,30,3,novo,269,,,2025-12-15 23:41:56.49878,2025-12-15 23:41:56.49878
12290,271,30,3,novo,271,,,2025-12-15 23:41:56.612727,2025-12-15 23:41:56.612727
12292,273,30,3,novo,273,,,2025-12-15 23:41:56.723323,2025-12-15 23:41:56.723323
12294,275,30,3,novo,275,,,2025-12-15 23:41:56.835514,2025-12-15 23:41:56.835514
12296,277,30,3,novo,277,,,2025-12-15 23:41:56.946413,2025-12-15 23:41:56.946413
12298,279,30,3,novo,279,,,2025-12-15 23:41:57.057727,2025-12-15 23:41:57.057727
12300,281,30,3,novo,281,,,2025-12-15 23:41:57.170923,2025-12-15 23:41:57.170923
12302,283,30,3,novo,283,,,2025-12-15 23:41:57.28272,2025-12-15 23:41:57.28272
12304,285,30,3,novo,285,,,2025-12-15 23:41:57.394391,2025-12-15 23:41:57.394391
12306,287,30,3,novo,287,,,2025-12-15 23:41:57.505795,2025-12-15 23:41:57.505795
12308,289,30,3,novo,289,,,2025-12-15 23:41:57.6173,2025-12-15 23:41:57.6173
12310,291,30,3,novo,291,,,2025-12-15 23:41:57.729718,2025-12-15 23:41:57.729718
12312,293,30,3,novo,293,,,2025-12-15 23:41:57.841139,2025-12-15 23:41:57.841139
12314,295,30,3,novo,295,,,2025-12-15 23:41:57.959542,2025-12-15 23:41:57.959542
12316,297,30,3,novo,297,,,2025-12-15 23:41:58.076255,2025-12-15 23:41:58.076255
12318,299,30,3,novo,299,,,2025-12-15 23:41:58.189698,2025-12-15 23:41:58.189698
12320,301,30,3,novo,301,,,2025-12-15 23:41:58.302154,2025-12-15 23:41:58.302154
12322,303,30,3,novo,303,,,2025-12-15 23:41:58.415585,2025-12-15 23:41:58.415585
12324,305,30,3,novo,305,,,2025-12-15 23:41:58.527358,2025-12-15 23:41:58.527358
12326,307,30,3,novo,307,,,2025-12-15 23:41:58.63901,2025-12-15 23:41:58.63901
12328,309,30,3,novo,309,,,2025-12-15 23:41:58.752664,2025-12-15 23:41:58.752664
12330,311,30,3,novo,311,,,2025-12-15 23:41:58.864405,2025-12-15 23:41:58.864405
12332,313,30,3,novo,313,,,2025-12-15 23:41:58.975548,2025-12-15 23:41:58.975548
12334,315,30,3,novo,315,,,2025-12-15 23:41:59.090361,2025-12-15 23:41:59.090361
12336,317,30,3,novo,317,,,2025-12-15 23:41:59.213711,2025-12-15 23:41:59.213711
12239,220,30,3,novo,220,,,2025-12-15 23:41:53.569083,2025-12-15 23:41:53.569083
12241,222,30,3,novo,222,,,2025-12-15 23:41:53.68277,2025-12-15 23:41:53.68277
12243,224,30,3,novo,224,,,2025-12-15 23:41:53.797345,2025-12-15 23:41:53.797345
12245,226,30,3,novo,226,,,2025-12-15 23:41:53.911523,2025-12-15 23:41:53.911523
12247,228,30,3,novo,228,,,2025-12-15 23:41:54.02405,2025-12-15 23:41:54.02405
12249,230,30,3,novo,230,,,2025-12-15 23:41:54.137382,2025-12-15 23:41:54.137382
12251,232,30,3,novo,232,,,2025-12-15 23:41:54.256034,2025-12-15 23:41:54.256034
12253,234,30,3,novo,234,,,2025-12-15 23:41:54.368432,2025-12-15 23:41:54.368432
12255,236,30,3,novo,236,,,2025-12-15 23:41:54.480659,2025-12-15 23:41:54.480659
12257,238,30,3,novo,238,,,2025-12-15 23:41:54.740101,2025-12-15 23:41:54.740101
12259,240,30,3,novo,240,,,2025-12-15 23:41:54.851995,2025-12-15 23:41:54.851995
12261,242,30,3,novo,242,,,2025-12-15 23:41:54.963127,2025-12-15 23:41:54.963127
12263,244,30,3,novo,244,,,2025-12-15 23:41:55.074845,2025-12-15 23:41:55.074845
12265,246,30,3,novo,246,,,2025-12-15 23:41:55.187435,2025-12-15 23:41:55.187435
12267,248,30,3,novo,248,,,2025-12-15 23:41:55.299419,2025-12-15 23:41:55.299419
12269,250,30,3,novo,250,,,2025-12-15 23:41:55.41098,2025-12-15 23:41:55.41098
12271,252,30,3,novo,252,,,2025-12-15 23:41:55.524696,2025-12-15 23:41:55.524696
12273,254,30,3,novo,254,,,2025-12-15 23:41:55.638306,2025-12-15 23:41:55.638306
12275,256,30,3,novo,256,,,2025-12-15 23:41:55.749622,2025-12-15 23:41:55.749622
12277,258,30,3,novo,258,,,2025-12-15 23:41:55.861269,2025-12-15 23:41:55.861269
12279,260,30,3,novo,260,,,2025-12-15 23:41:55.972774,2025-12-15 23:41:55.972774
12281,262,30,3,novo,262,,,2025-12-15 23:41:56.109438,2025-12-15 23:41:56.109438
12283,264,30,3,novo,264,,,2025-12-15 23:41:56.220472,2025-12-15 23:41:56.220472
12285,266,30,3,novo,266,,,2025-12-15 23:41:56.331694,2025-12-15 23:41:56.331694
12287,268,30,3,novo,268,,,2025-12-15 23:41:56.443452,2025-12-15 23:41:56.443452
12289,270,30,3,novo,270,,,2025-12-15 23:41:56.557083,2025-12-15 23:41:56.557083
12291,272,30,3,novo,272,,,2025-12-15 23:41:56.668274,2025-12-15 23:41:56.668274
12293,274,30,3,novo,274,,,2025-12-15 23:41:56.77934,2025-12-15 23:41:56.77934
12295,276,30,3,novo,276,,,2025-12-15 23:41:56.891174,2025-12-15 23:41:56.891174
12297,278,30,3,novo,278,,,2025-12-15 23:41:57.002318,2025-12-15 23:41:57.002318
12299,280,30,3,novo,280,,,2025-12-15 23:41:57.115071,2025-12-15 23:41:57.115071
12301,282,30,3,novo,282,,,2025-12-15 23:41:57.227442,2025-12-15 23:41:57.227442
12303,284,30,3,novo,284,,,2025-12-15 23:41:57.338906,2025-12-15 23:41:57.338906
12305,286,30,3,novo,286,,,2025-12-15 23:41:57.450476,2025-12-15 23:41:57.450476
12307,288,30,3,novo,288,,,2025-12-15 23:41:57.561909,2025-12-15 23:41:57.561909
12309,290,30,3,novo,290,,,2025-12-15 23:41:57.673533,2025-12-15 23:41:57.673533
12311,292,30,3,novo,292,,,2025-12-15 23:41:57.785665,2025-12-15 23:41:57.785665
12313,294,30,3,novo,294,,,2025-12-15 23:41:57.897031,2025-12-15 23:41:57.897031
12315,296,30,3,novo,296,,,2025-12-15 23:41:58.020691,2025-12-15 23:41:58.020691
12317,298,30,3,novo,298,,,2025-12-15 23:41:58.132534,2025-12-15 23:41:58.132534
12319,300,30,3,novo,300,,,2025-12-15 23:41:58.24627,2025-12-15 23:41:58.24627
12321,302,30,3,novo,302,,,2025-12-15 23:41:58.35995,2025-12-15 23:41:58.35995
12323,304,30,3,novo,304,,,2025-12-15 23:41:58.471597,2025-12-15 23:41:58.471597
12325,306,30,3,novo,306,,,2025-12-15 23:41:58.583618,2025-12-15 23:41:58.583618
12327,308,30,3,novo,308,,,2025-12-15 23:41:58.696239,2025-12-15 23:41:58.696239
12329,310,30,3,novo,310,,,2025-12-15 23:41:58.809363,2025-12-15 23:41:58.809363
12331,312,30,3,novo,312,,,2025-12-15 23:41:58.920392,2025-12-15 23:41:58.920392
12333,314,30,3,novo,314,,,2025-12-15 23:41:59.031364,2025-12-15 23:41:59.031364
12335,316,30,3,novo,316,,,2025-12-15 23:41:59.152261,2025-12-15 23:41:59.152261
12337,318,30,3,novo,318,,,2025-12-15 23:41:59.273271,2025-12-15 23:41:59.273271
12092,5,30,3,em_atendimento,73,2025-12-15 23:43:09.58,2025-12-15 23:43:09.58,2025-12-14 11:48:57.833913,2025-12-15 23:43:09.58
100,100,30,3,em_atendimento,50,2025-12-13 17:17:28.486,2025-12-13 17:17:28.486,2025-12-12 00:50:10.353406,2025-12-13 17:17:28.486
108,103,30,3,em_atendimento,53,2025-12-13 17:53:55.946,2025-12-13 17:54:14.772,2025-12-13 17:15:08.960834,2025-12-13 17:54:14.772
110,105,30,3,vendido,55,2025-12-13 18:38:42.797,2025-12-13 18:38:58.746,2025-12-13 17:15:09.083553,2025-12-13 18:38:58.746
115,110,30,3,em_atendimento,60,2025-12-13 23:20:55.89,2025-12-13 23:20:55.89,2025-12-13 17:15:09.391832,2025-12-13 23:20:55.891
120,115,30,3,em_atendimento,65,2025-12-14 03:10:53.577,2025-12-14 03:10:53.577,2025-12-13 17:15:09.694268,2025-12-14 03:10:53.577
